{
    "GRAFICO": {
        "SEPARAÇÃO": {
            "07:30": 2.67,
            "08:30": 2.8899999999999997,
            "09:30": 3.026683050736054,
            "10:30": 2.6966470366625024,
            "11:30": 2.6966470366625024,
            "12:30": 2.9397450030158696,
            "13:30": 2.933005928020438,
            "14:30": 3.127077740281117,
            "15:30": 3.051984396274961,
            "16:30": 3.164499718842648,
            "18:30": 3.6214577933900234
        },
        "RESSUPRIMENTO": {
            "07:30": 1.66,
            "08:30": 1.7399999999999998,
            "09:30": 1.7631163402345946,
            "10:30": 1.1844096788478444,
            "11:30": 1.1844096788478444,
            "12:30": 0.8877056511158717,
            "13:30": 0.8838289885986887,
            "14:30": 0.7759293002260582,
            "15:30": 0.7572962086608023,
            "16:30": 0.8361597613692731,
            "18:30": 1.15235504530169
        },
        "OVER": {
            "07:30": 0.33999999999999997,
            "08:30": 0.38,
            "09:30": 0.3852735706438558,
            "10:30": 0.45472871598622594,
            "11:30": 0.45472871598622594,
            "12:30": 0.5503442251294745,
            "13:30": 0.5477424742250994,
            "14:30": 0.6106085600204135,
            "15:30": 0.595945464805328,
            "16:30": 0.6306442861132808,
            "18:30": 0.8949671928659655
        },
        "DECANTING": {
            "07:30": 0.36,
            "08:30": 0.4,
            "09:30": 0.4032312370721712,
            "10:30": 0.6424364999107727,
            "11:30": 0.6424364999107727,
            "12:30": 0.47005969342124415,
            "13:30": 0.4687848798273681,
            "14:30": 0.5186039741668375,
            "15:30": 0.5061502682248902,
            "16:30": 0.5128488307836269,
            "18:30": 0.6411492135569502
        },
        "ENTRADA": {
            "07:30": 0.16999999999999998,
            "08:30": 0.2,
            "09:30": 0.20406439123085585,
            "10:30": 0.2088579567611154,
            "11:30": 0.2088579567611154,
            "12:30": 0.212982799143077,
            "13:30": 0.21206935039809505,
            "14:30": 0.22965207172044982,
            "15:30": 0.22413722896445237,
            "16:30": 0.24937548521916128,
            "18:30": 0.46497597475385727
        },
        "SUJEIRA": {
            "07:30": 0.0,
            "08:30": 0.0,
            "09:30": 0.0,
            "10:30": 0.41044554160966035,
            "11:30": 0.41044554160966035,
            "12:30": 0.5586638657210008,
            "13:30": 0.555183504063629,
            "14:30": 0.5775444119792847,
            "15:30": 0.5636753160342332,
            "16:30": 0.5491899818959669,
            "18:30": 0.4123203461348984
        },
        "SUGESTÃO ACIMA DA CAP.": {
            "07:30": 0.06999999999999999,
            "08:30": 0.1,
            "09:30": 0.10611348344004502,
            "10:30": 0.09914143517141553,
            "11:30": 0.09914143517141553,
            "12:30": 0.14392978223340752,
            "13:30": 0.14344651966498828,
            "14:30": 0.16927406225404049,
            "15:30": 0.16520913120854,
            "16:30": 0.1820190413471516,
            "18:30": 0.31521979708841147
        },
        "DROP'S": {
            "07:30": 0.13,
            "08:30": 0.16999999999999998,
            "09:30": 0.16814905837422522,
            "10:30": 0.18506401231997568,
            "11:30": 0.18506401231997568,
            "12:30": 0.18760789533892136,
            "13:30": 0.18643913650982627,
            "14:30": 0.1958691378523398,
            "15:30": 0.19116555522007284,
            "16:30": 0.20175604583057768,
            "18:30": 0.22400953870099455
        },
        "MÁQUINA": {
            "07:30": 0.0,
            "08:30": 0.0,
            "09:30": 0.0,
            "10:30": 0.05353637499256439,
            "11:30": 0.05353637499256439,
            "12:30": 0.276212067638678,
            "13:30": 0.2744913229324272,
            "14:30": 0.2914676528408213,
            "15:30": 0.2844683766669341,
            "16:30": 0.2734984906989042,
            "18:30": 0.20633866672378465
        },
        "HOLDING": {
            "07:30": 0.0,
            "08:30": 0.01,
            "09:30": 0.0,
            "10:30": 0.027759601847996352,
            "11:30": 0.027759601847996352,
            "12:30": 0.10732336363069114,
            "13:30": 0.10706815156551,
            "14:30": 0.16280498981121092,
            "15:30": 0.15889540644897795,
            "16:30": 0.16228203686372553,
            "18:30": 0.14690027916407852
        },
        "SALDO DISTRIBUIDO": {
            "07:30": 0.01,
            "08:30": 0.01,
            "09:30": 0.013060121038774774,
            "10:30": 0.02181111573771142,
            "11:30": 0.02181111573771142,
            "12:30": 0.03119865221822417,
            "13:30": 0.03100429099387355,
            "14:30": 0.057143473244994566,
            "15:30": 0.05577123537613134,
            "16:30": 0.05983758502118065,
            "18:30": 0.10870263670829138
        },
        "100% Ñ AT.": {
            "07:30": 0.06999999999999999,
            "08:30": 0.08,
            "09:30": 0.09305336240127027,
            "10:30": 0.08724446295084567,
            "11:30": 0.08724446295084567,
            "12:30": 0.0690530169096695,
            "13:30": 0.0686228307331068,
            "14:30": 0.04779925749424073,
            "15:30": 0.04665141072343062,
            "16:30": 0.04417329574862027,
            "18:30": 0.0487287681795789
        },
        "ABASTECIMENTO": {
            "07:30": 0.0,
            "08:30": 0.0,
            "09:30": 0.0016325151298468468,
            "10:30": 0.030403373452567432,
            "11:30": 0.030403373452567432,
            "12:30": 0.020799101478816116,
            "13:30": 0.02066952732924903,
            "14:30": 0.017969645674526594,
            "15:30": 0.017538124332116774,
            "16:30": 0.015664289272560382,
            "18:30": 0.02998693426435624
        },
        "INVENTÁRIO": {
            "07:30": 0.0,
            "08:30": 0.0,
            "09:30": 0.0,
            "10:30": 0.011236029319427094,
            "11:30": 0.011236029319427094,
            "12:30": 0.008735622621102768,
            "13:30": 0.008681201478284594,
            "14:30": 0.007547251183301168,
            "15:30": 0.007366012219489045,
            "16:30": 0.00657900149447536,
            "18:30": 0.0067827589407472464
        },
        "MOVIMENTAÇÃO": {
            "07:30": 0.0,
            "08:30": 0.0,
            "09:30": 0.0,
            "10:30": 0.0,
            "11:30": 0.0,
            "12:30": 0.0,
            "13:30": 0.0,
            "14:30": 0.004672107875376913,
            "15:30": 0.004559912326350361,
            "16:30": 0.004072715210865698,
            "18:30": 0.0023204175323608997
        },
        "SALDO ZERO": {
            "07:30": 0.0,
            "08:30": 0.0,
            "09:30": 0.0,
            "10:30": 0.0,
            "11:30": 0.0,
            "12:30": 0.0,
            "13:30": 0.0,
            "14:30": 0.0,
            "15:30": 0.0,
            "16:30": 0.0,
            "18:30": 0.0
        },
        "MISTURADO": {
            "07:30": 0.0,
            "08:30": 0.0,
            "09:30": 0.0,
            "10:30": 0.0,
            "11:30": 0.0,
            "12:30": 0.0,
            "13:30": 0.0,
            "14:30": 0.0,
            "15:30": 0.0,
            "16:30": 0.0,
            "18:30": 0.0
        },
        "PERDIDO": {
            "07:30": 0.0,
            "08:30": 0.0,
            "09:30": 0.0,
            "10:30": 0.0,
            "11:30": 0.0,
            "12:30": 0.0,
            "13:30": 0.0,