{
    "07:30": {
        "M": 0.9284056418496697,
        "H": 0.2678093197643278,
        "V": 0.16961256918407427,
        "Y": 0.6516693447598644,
        "A": 0.8123549366184609,
        "X": 0.24995536511337263,
        "N": 0.017853954650955184,
        "J": null,
        "W": null,
        "D": 0.21424745581146223,
        "K": 0.06844015949532821,
        "Z": 0.12795334166517883
    },
    "08:30": {
        "M": 0.9057714625378583,
        "H": 0.6255484163152085,
        "V": 0.5774293073678848,
        "Y": 0.7076339551077019,
        "A": 0.7868889580797644,
        "X": 0.23493447309575702,
        "N": 0.03538169775538509,
        "J": null,
        "W": null,
        "D": 0.17690848877692547,
        "K": 0.03538169775538509,
        "Z": 0.16700161340541764
    },
    "09:30": {
        "M": 1.1729339661480382,
        "H": 0.9026154097112719,
        "V": 0.8909637477958939,
        "Y": 0.9989358148783954,
        "A": 0.5833598732299183,
        "X": 0.20196213986654965,
        "N": 0.06990997149226719,
        "J": null,
        "W": null,
        "D": 0.1802123709578443,
        "K": 0.031071098441007635,
        "Z": 0.1887569230291214
    },
    "10:30": {
        "M": 1.4609111441888265,
        "H": 0.914362561134706,
        "V": 0.9235579105867208,
        "Y": 1.1620622869983506,
        "A": 0.44310090171895566,
        "X": 0.17126338354377274,
        "N": 0.07011453957161166,
        "J": null,
        "W": null,
        "D": 0.16206803409175807,
        "K": 0.030459595059798505,
        "Z": 0.18850466376630018
    },
    "11:30": {
        "M": 1.7911503765698167,
        "H": 0.8327359728906971,
        "V": 1.0361488405001071,
        "Y": 1.2875057020769525,
        "A": 0.3607436439297318,
        "X": 0.1387117495368517,
        "N": 0.08378562052561513,
        "J": null,
        "W": null,
        "D": 0.1559343493115615,
        "K": 0.04747851829784857,
        "Z": 0.19968906225271604
    },
    "12:30": {
        "M": 2.2097252837125256,
        "H": 0.8151136797339296,
        "V": 1.1625008762569418,
        "Y": 1.5028780172447365,
        "A": 0.30376907319276875,
        "X": 0.11683425892029568,
        "N": 0.18381923403459852,
        "J": 0.06542718499536557,
        "W": null,
        "D": 0.1487689563585098,
        "K": 0.07983674359553537,
        "Z": 0.1771986260291151
    },
    "13:30": {
        "M": 2.182606726052779,
        "H": 0.916041305405275,
        "V": 1.1945297444218768,
        "Y": 1.5684468885415002,
        "A": 0.29222720200808733,
        "X": 0.11362328311877345,
        "N": 0.19865508649850916,
        "J": 0.06906513287611721,
        "W": null,
        "D": 0.1492698033128985,
        "K": 0.09542870510302215,
        "Z": 0.18603027726308988
    },
    "14:30": {
        "M": 2.22954406344824,
        "H": 1.007006394311537,
        "V": 1.2778855795902953,
        "Y": 1.72034328727519,
        "A": 0.3164598174170107,
        "X": 0.1233932827171266,
        "N": 0.2936695013478844,
        "J": 0.06837094820737885,
        "W": null,
        "D": 0.14129995962858297,
        "K": 0.10483545391798091,
        "Z": 0.20315938895906857
    },
    "15:30": {
        "M": 2.2206357038307067,
        "H": 1.0560148189393543,
        "V": 1.3206387359797562,
        "Y": 1.8584317173816565,
        "A": 0.31286265191755863,
        "X": 0.12293986145835342,
        "N": 0.27509861375658456,
        "J": 0.057886481852587934,
        "W": null,
        "D": 0.13396585800170352,
        "K": 0.10667651655691206,
        "Z": 0.2006731370889715
    },
    "16:30": {
        "M": 2.401068270921268,
        "H": 1.1248726461190854,
        "V": 1.3831613333980208,
        "Y": 1.9970012637201426,
        "A": 0.30472520440153494,
        "X": 0.1268340691557564,
        "N": 0.28139143211604967,
        "J": 0.04851576415793961,
        "W": null,
        "D": 0.1596399668244584,
        "K": 0.11020009287303426,
        "Z": 0.23125847581951212
    },
    "17:30": {
        "M": 2.748523414602698,
        "H": 0.9276907080501798,
        "V": 1.43071330687354,
        "Y": 1.9350583443398799,
        "A": 0.25952858368474385,
        "X": 0.10579509143836692,
        "N": 0.35342172733629446,
        "J": 0.10430734796501488,
        "W": null,
        "D": 0.2036555510188563,
        "K": 0.11637460058220363,
        "Z": 0.28134882129390704
    },
    "18:30": {
        "M": 2.748523414602698,
        "H": 0.9276907080501798,
        "V": 1.43071330687354,
        "Y": 1.9350583443398799,
        "A": 0.25952858368474385,
        "X": 0.10579509143836692,
        "N": 0.35342172733629446,
        "J": 0.10430734796501488,
        "W": null,
        "D": 0.2036555510188563,
        "K": 0.11637460058220363,
        "Z": 0.28134882129390704
    }
}